{
  "transform": {
    "method": "flat-window",
    "vehicle_encoding": "V1",
    "foresight": 120,
    "sampling": 4
  },
  "bounds": {
    "max_width": 80.00000000000071,
    "min_width": 0.6164879933921373,
    "max_angle": 3.13523328909257,
    "max_offset": 3.138355522392717,
    "max_velocity": 131.65302290638985,
    "min_velocity": 0.0,
    "max_vehicle": [
      3.0294561954812425,
      3.594906884285088,
      2.6532627381875167,
      2.654526893823892,

      1699.9934284945805,
      0.9999731325103445,
      0.7499871078815183,
      1.999917256653414,

      799996.8657956778,
      0.5999980780226837,
      2.0832115745284714,
      2.0917937603491628,

      203.03579051832253,
      1.1999698373932954,
      5445.455577639606,
      1.0
    ],
    "min_vehicle": [
      0.6040897185306137,
      0.49605546002607553,
      0.4576113150516222,
      0.4675352676442484,

      200.0490579675345,
      2.2136259205551845e-05,
      0.2500327017529311,
      0.2000038145548578,

      15000.22787227368,
      0.20000740808950926,
      -0.34780985395859876,
      -0.34407085630139916,

      17.957353984224277,
      0.3000750486994387,
      102.09085807360428,
      0.1472260331571291
    ]
  }
}
